user_id,email,first_name,last_name
oi6IhEzu9R,user_2@example.com
fQFLNRDae8,user_5@example.com
fBYRtPtAlC,user_7@example.com
fOSjdLnNP3,user_9@example.com
uxz2jFwr5I,user_1@example.com
zSbmdNiSHH,user_4@example.com
fjM66woroy,user_0@example.com
oh4mHXh8zN,user_3@example.com
gXWj37JC5d,user_8@example.com
4dBdXURAz3,user_6@example.com
oh4mHXh8zN,Julie,Mosser
zSbmdNiSHH,Taryn,Jaycox
fBYRtPtAlC,John,Smith
fjM66woroy,Yadira,Irving
fQFLNRDae8,Vella,Lynam
fOSjdLnNP3,Qiana,Walk
uxz2jFwr5I,Benito,Festa
oi6IhEzu9R,Leatrice,Oquinn
4dBdXURAz3,Jacques,Cuellar
gXWj37JC5d,Shaun,Kreiger
